id;uid;version;name;email;interests;city;country;photo_url
1;Home;34507;deposit Canadian Dollar Lebanon;Winona59@yahoo.com;Handmade 24/7 Re-contextualized;Hilllview;New Caledonia;withdrawal Solomon Islands Licensed
2;Gloves Bedfordshire Argentine Peso;85835;neural-net red;Johnson34@hotmail.com;Rustic Quality;West Joseph;United Arab Emirates;Metal bricks-and-clicks Concrete
3;Tanzania Fiji Dollar Profound;17495;Designer Borders content-based;Augusta_Wintheiser90@hotmail.com;deposit B2B cross-media;Roseside;Swaziland;drive THX bypassing
4;Cheese Dynamic Home Loan Account;919;Unbranded invoice;Ed54@gmail.com;Cayman Islands Dollar invoice;East Merritttown;Djibouti;circuit navigate
5;program alarm;30806;Benin Berkshire;Dimitri58@yahoo.com;Coordinator Cambridgeshire Investor;Lake Federico;Libyan Arab Jamahiriya;North Dakota Cambridgeshire
6;Re-contextualized;49919;Alaska;Lula99@hotmail.com;Villages uniform PCI;Adrienneshire;Uganda;architectures
7;Wisconsin Facilitator Incredible;30569;fuchsia eco-centric;Ceasar.Hilpert@yahoo.com;calculating Intranet Ergonomic Concrete Soap;Yesseniaborough;Burundi;Bedfordshire
8;portal calculating Metal;70891;France protocol;Ramiro_Gaylord91@yahoo.com;Avon;Lizziefort;Comoros;Handcrafted Cotton Bacon Unbranded Fresh Pants
9;incubate;9398;North Dakota Garden;Carlee.Littel83@yahoo.com;TCP Assimilated;Lake Ellenborough;Maldives;interface
10;compress lavender Investment Account;8534;Intelligent Granite Shirt Peru deposit;Brennon_Wolf71@hotmail.com;Licensed Cotton Ball;South Natalie;Belarus;Electronics
