id;ident;text;timestamp
1;XSS solid state Handmade Granite Fish;Concrete;2019-09-18
2;Delaware Health Borders;Rupiah;2019-09-17
3;Automotive approach Borders;PCI;2019-09-18
4;bypassing;monetize Frozen;2019-09-17
5;Solomon Islands Dollar;overriding Rustic Metal Computer Web;2019-09-18
6;Lead Personal Loan Account Checking Account;French Guiana capacitor;2019-09-17
7;alarm neural seamless;Avon invoice Malta;2019-09-17
8;online Port Sleek Wooden Fish;Handmade Generic Concrete Tuna;2019-09-17
9;HDD pink;Hill override PNG;2019-09-17
10;Sleek Wooden Towels Clothing;Fundamental Designer;2019-09-17
