id;class_name;method_name;description
1;mission-critical Gorgeous;Up-sized Program;../fake-data/blob/hipster.txt
2;mission-critical azure Seamless;Mississippi Health input;../fake-data/blob/hipster.txt
3;Soap Buckinghamshire convergence;matrix Accounts;../fake-data/blob/hipster.txt
4;repurpose indexing;Kwanza;../fake-data/blob/hipster.txt
5;green world-class Bedfordshire;European Unit of Account 9(E.U.A.-9) Mission;../fake-data/blob/hipster.txt
6;Avon Generic Steel Ball Swaziland;Configuration Officer;../fake-data/blob/hipster.txt
7;Shoes Field Fundamental;Route;../fake-data/blob/hipster.txt
8;Frozen Savings Account upward-trending;Iceland Krona;../fake-data/blob/hipster.txt
9;digital streamline;Connecticut invoice white;../fake-data/blob/hipster.txt
10;Bolivar Fuerte Tennessee;Markets robust access;../fake-data/blob/hipster.txt
