id;name;description;creation_date
1;EXE;../fake-data/blob/hipster.txt;2019-09-13
2;Designer Ball;../fake-data/blob/hipster.txt;2019-09-13
3;connect Zimbabwe Dollar;../fake-data/blob/hipster.txt;2019-09-13
4;indexing Pre-emptive Reduced;../fake-data/blob/hipster.txt;2019-09-13
5;Personal Loan Account;../fake-data/blob/hipster.txt;2019-09-13
6;Practical AI didactic;../fake-data/blob/hipster.txt;2019-09-14
7;HTTP Configuration;../fake-data/blob/hipster.txt;2019-09-13
8;virtual;../fake-data/blob/hipster.txt;2019-09-13
9;Russian Federation Gorgeous ROI;../fake-data/blob/hipster.txt;2019-09-13
10;neutral;../fake-data/blob/hipster.txt;2019-09-13
