id;date;operation_enum;class_name;uid
1;2019-09-13;VIEW;Pass;Street Directives Small Metal Cheese
2;2019-09-14;DELETE;wireless Interactions;withdrawal Markets
3;2019-09-13;COMMENT;motivating Senior Pennsylvania;Fantastic Checking Account
4;2019-09-13;COMMENT;Home Loan Account AGP SMS;Savings Account Cambridgeshire
5;2019-09-13;UPDATE;back-end Manager Electronics;Nuevo Sol Personal Loan Account Investment Account
6;2019-09-13;VOTE;Coordinator quantifying;Chief architecture Honduras
7;2019-09-13;FAVORITE;Multi-layered;Gorgeous Frozen Computer Rustic
8;2019-09-13;DELETE;hack Executive synergies;Bacon
9;2019-09-13;FOLLOW;Ameliorated;compressing
10;2019-09-13;UNFAVORITE;mint green solid state Soft;Refined Liaison
