id;ident;data;service_file_id
1;Macedonia Executive;AI;Bahrain wireless Mali
2;Intelligent Summit;initiatives Frozen;overriding Bermudian Dollar (customarily known as Bermuda Dollar)
3;AI Ports;Finland Licensed Granite Computer cross-platform;Associate neural
4;pink Synergized;Gibraltar;input Andorra yellow
5;invoice Pizza Enterprise-wide;Park Producer quantify;Bahamas
6;Hollow;interactive target primary;withdrawal navigating
7;Licensed web services;mint green;Gorgeous impactful
8;Indiana withdrawal bluetooth;azure Global;Table Kwacha
9;Gloves Auto Loan Account customized;client-driven Analyst Rubber;Electronics
10;Legacy invoice;help-desk;Personal Loan Account Refined RAM
