id;name;developer_name;json_config_file
1;Paradigm;programming;Applications
2;expedite migration foreground;copy;Handcrafted Soft Table innovate
3;programming Metal;Beauty Configuration Mandatory;drive
4;Bedfordshire applications Multi-tiered;Bedfordshire superstructure;pink HTTP
5;solution-oriented Clothing;Yemeni Rial Graphic Interface Re-contextualized;cutting-edge
6;synthesizing experiences Cotton;bluetooth heuristic;auxiliary Orchestrator olive
7;North Korean Won Plastic;mint green Generic Fresh Bike e-tailers;Turkmenistan users
8;Wooden;content transmit;bandwidth Jordanian Dinar scalable
9;Movies deposit Money Market Account;Intelligent;Sports
10;Metrics budgetary management contextually-based;SQL;Grocery Program green
