id;file_name;description
1;interface SCSI;../fake-data/blob/hipster.txt
2;Legacy Product;../fake-data/blob/hipster.txt
3;open architecture;../fake-data/blob/hipster.txt
4;grid-enabled;../fake-data/blob/hipster.txt
5;microchip;../fake-data/blob/hipster.txt
6;seamless applications transmitting;../fake-data/blob/hipster.txt
7;Fish;../fake-data/blob/hipster.txt
8;Bouvet Island (Bouvetoya) national;../fake-data/blob/hipster.txt
9;Paradigm Rubber;../fake-data/blob/hipster.txt
10;e-commerce Soap Cotton;../fake-data/blob/hipster.txt
