id;ident;name;description
1;Kwanza Credit Card Account EXE;Refined;../fake-data/blob/hipster.txt
2;multi-byte;knowledge base Functionality navigating;../fake-data/blob/hipster.txt
3;open-source Industrial redundant;intuitive;../fake-data/blob/hipster.txt
4;Steel;Kyat;../fake-data/blob/hipster.txt
5;white Orchestrator;Customer-focused Ohio;../fake-data/blob/hipster.txt
6;Internal transmit;Turnpike;../fake-data/blob/hipster.txt
7;cross-platform Bacon;knowledge user;../fake-data/blob/hipster.txt
8;Computer;Island Cambridgeshire generating;../fake-data/blob/hipster.txt
9;Shirt;multi-byte;../fake-data/blob/hipster.txt
10;navigate online disintermediate;Solutions;../fake-data/blob/hipster.txt
