id;ident;description;user_defined
1;online program Refined Granite Gloves;../fake-data/blob/hipster.txt;true
2;deposit payment one-to-one;../fake-data/blob/hipster.txt;true
3;Cliff;../fake-data/blob/hipster.txt;true
4;Greenland models streamline;../fake-data/blob/hipster.txt;true
5;haptic;../fake-data/blob/hipster.txt;true
6;withdrawal alarm Timor-Leste;../fake-data/blob/hipster.txt;false
7;SSL web-readiness;../fake-data/blob/hipster.txt;false
8;Supervisor Outdoors sky blue;../fake-data/blob/hipster.txt;false
9;Data Tasty Steel Pants Licensed Steel Shirt;../fake-data/blob/hipster.txt;false
10;Plaza Utah;../fake-data/blob/hipster.txt;false
